{
	"credit": "Made with Blockbench",
	"textures": {
		"0": "item/sword",
		"particle": "item/sword"
	},
	"elements": [
		{
			"name": "Cyber_sword_0",
			"from": [8.125, 10.875, 7.5],
			"to": [8.5, 11.125, 7.625],
			"faces": {
				"north": {"uv": [8.5, 4.875, 8.125, 5.125], "texture": "#0"},
				"east": {"uv": [8.375, 4.875, 8.5, 5.125], "texture": "#0"},
				"south": {"uv": [8.125, 4.875, 8.5, 5.125], "texture": "#0"},
				"west": {"uv": [8.125, 4.875, 8.25, 5.125], "texture": "#0"},
				"up": {"uv": [8.125, 4.875, 8.5, 5], "texture": "#0"},
				"down": {"uv": [8.125, 5, 8.5, 5.125], "texture": "#0"}
			}
		},
		{
			"name": "Cyber_sword_1",
			"from": [7.875, 10.625, 7.5],
			"to": [8.125, 11, 7.625],
			"faces": {
				"north": {"uv": [8.125, 5, 7.875, 5.375], "texture": "#0"},
				"east": {"uv": [8, 5, 8.125, 5.375], "texture": "#0"},
				"south": {"uv": [7.875, 5, 8.125, 5.375], "texture": "#0"},
				"west": {"uv": [7.875, 5, 8, 5.375], "texture": "#0"},
				"up": {"uv": [7.875, 5, 8.125, 5.125], "texture": "#0"},
				"down": {"uv": [7.875, 5.25, 8.125, 5.375], "texture": "#0"}
			}
		},
		{
			"name": "Cyber_sword_2",
			"from": [8.125, 10.25, 7.45],
			"to": [8.5, 10.75, 7.675],
			"faces": {
				"north": {"uv": [9.75, 5, 9.375, 5.5], "texture": "#0"},
				"east": {"uv": [9.625, 5, 9.75, 5.5], "texture": "#0"},
				"south": {"uv": [9.375, 5, 9.75, 5.5], "texture": "#0"},
				"west": {"uv": [9.375, 5, 9.5, 5.5], "texture": "#0"},
				"up": {"uv": [9.375, 5, 9.75, 5.125], "texture": "#0"},
				"down": {"uv": [9.375, 5.375, 9.75, 5.5], "texture": "#0"}
			}
		},
		{
			"name": "Cyber_sword_3",
			"from": [7.75, 9.25, 7.5],
			"to": [7.875, 10.875, 7.625],
			"faces": {
				"north": {"uv": [7.875, 5.125, 7.75, 6.75], "texture": "#0"},
				"east": {"uv": [7.75, 5.125, 7.875, 6.75], "texture": "#0"},
				"south": {"uv": [7.75, 5.125, 7.875, 6.75], "texture": "#0"},
				"west": {"uv": [7.75, 5.125, 7.875, 6.75], "texture": "#0"},
				"up": {"uv": [7.75, 5.125, 7.875, 5.25], "texture": "#0"},
				"down": {"uv": [7.75, 6.625, 7.875, 6.75], "texture": "#0"}
			}
		},
		{
			"name": "Cyber_sword_4",
			"from": [8.125, 10.75, 7.5],
			"to": [8.25, 10.875, 7.625],
			"faces": {
				"north": {"uv": [8.25, 5.125, 8.125, 5.25], "texture": "#0"},
				"east": {"uv": [8.125, 5.125, 8.25, 5.25], "texture": "#0"},
				"south": {"uv": [8.125, 5.125, 8.25, 5.25], "texture": "#0"},
				"west": {"uv": [8.125, 5.125, 8.25, 5.25], "texture": "#0"},
				"up": {"uv": [8.125, 5.125, 8.25, 5.25], "texture": "#0"},
				"down": {"uv": [8.125, 5.125, 8.25, 5.25], "texture": "#0"}
			}
		},
		{
			"name": "Cyber_sword_5",
			"from": [8, 9.25, 7.45],
			"to": [8.125, 10.625, 7.675],
			"faces": {
				"north": {"uv": [9.375, 5.125, 9.25, 6.5], "texture": "#0"},
				"east": {"uv": [9.25, 5.125, 9.375, 6.5], "texture": "#0"},
				"south": {"uv": [9.25, 5.125, 9.375, 6.5], "texture": "#0"},
				"west": {"uv": [9.25, 5.125, 9.375, 6.5], "texture": "#0"},
				"up": {"uv": [9.25, 5.125, 9.375, 5.25], "texture": "#0"},
				"down": {"uv": [9.25, 6.375, 9.375, 6.5], "texture": "#0"}
			}
		},
		{
			"name": "Cyber_sword_6",
			"from": [7.875, 9.25, 7.5],
			"to": [8, 10.625, 7.625],
			"faces": {
				"north": {"uv": [8, 5.375, 7.875, 6.75], "texture": "#0"},
				"east": {"uv": [7.875, 5.375, 8, 6.75], "texture": "#0"},
				"south": {"uv": [7.875, 5.375, 8, 6.75], "texture": "#0"},
				"west": {"uv": [7.875, 5.375, 8, 6.75], "texture": "#0"},
				"up": {"uv": [7.875, 5.375, 8, 5.5], "texture": "#0"},
				"down": {"uv": [7.875, 6.625, 8, 6.75], "texture": "#0"}
			}
		},
		{
			"name": "Cyber_sword_7",
			"from": [8.125, 9.25, 7.45],
			"to": [8.375, 10.25, 7.675],
			"faces": {
				"north": {"uv": [9.625, 5.5, 9.375, 6.5], "texture": "#0"},
				"east": {"uv": [9.5, 5.5, 9.625, 6.5], "texture": "#0"},
				"south": {"uv": [9.375, 5.5, 9.625, 6.5], "texture": "#0"},
				"west": {"uv": [9.375, 5.5, 9.5, 6.5], "texture": "#0"},
				"up": {"uv": [9.375, 5.5, 9.625, 5.625], "texture": "#0"},
				"down": {"uv": [9.375, 6.375, 9.625, 6.5], "texture": "#0"}
			}
		},
		{
			"name": "Cyber_sword_8",
			"from": [8.375, 9.25, 7.45],
			"to": [8.5, 10, 7.675],
			"faces": {
				"north": {"uv": [9.75, 5.75, 9.625, 6.5], "texture": "#0"},
				"east": {"uv": [9.625, 5.75, 9.75, 6.5], "texture": "#0"},
				"south": {"uv": [9.625, 5.75, 9.75, 6.5], "texture": "#0"},
				"west": {"uv": [9.625, 5.75, 9.75, 6.5], "texture": "#0"},
				"up": {"uv": [9.625, 5.75, 9.75, 5.875], "texture": "#0"},
				"down": {"uv": [9.625, 6.375, 9.75, 6.5], "texture": "#0"}
			}
		},
		{
			"name": "Cyber_sword_9",
			"from": [7.75, 9.125, 7.4],
			"to": [8.625, 9.25, 7.725],
			"faces": {
				"north": {"uv": [10.875, 6.5, 10, 6.625], "texture": "#0"},
				"east": {"uv": [10.75, 6.5, 10.875, 6.625], "texture": "#0"},
				"south": {"uv": [10, 6.5, 10.875, 6.625], "texture": "#0"},
				"west": {"uv": [10, 6.5, 10.125, 6.625], "texture": "#0"},
				"up": {"uv": [10, 6.5, 10.875, 6.625], "texture": "#0"},
				"down": {"uv": [10, 6.5, 10.875, 6.625], "texture": "#0"}
			}
		},
		{
			"name": "Cyber_sword_10",
			"from": [8, 7, 7.45],
			"to": [8.25, 9.125, 7.675],
			"faces": {
				"north": {"uv": [9.5, 6.625, 9.25, 8.75], "texture": "#0"},
				"east": {"uv": [9.375, 6.625, 9.5, 8.75], "texture": "#0"},
				"south": {"uv": [9.25, 6.625, 9.5, 8.75], "texture": "#0"},
				"west": {"uv": [9.25, 6.625, 9.375, 8.75], "texture": "#0"},
				"up": {"uv": [9.25, 6.625, 9.5, 6.75], "texture": "#0"},
				"down": {"uv": [9.25, 8.625, 9.5, 8.75], "texture": "#0"}
			}
		},
		{
			"name": "Cyber_sword_11",
			"from": [8.25, 9, 7.45],
			"to": [8.5, 9.125, 7.675],
			"faces": {
				"north": {"uv": [9.75, 6.625, 9.5, 6.75], "texture": "#0"},
				"east": {"uv": [9.625, 6.625, 9.75, 6.75], "texture": "#0"},
				"south": {"uv": [9.5, 6.625, 9.75, 6.75], "texture": "#0"},
				"west": {"uv": [9.5, 6.625, 9.625, 6.75], "texture": "#0"},
				"up": {"uv": [9.5, 6.625, 9.75, 6.75], "texture": "#0"},
				"down": {"uv": [9.5, 6.625, 9.75, 6.75], "texture": "#0"}
			}
		},
		{
			"name": "Cyber_sword_12",
			"from": [8.375, 8.25, 7.45],
			"to": [8.5, 9, 7.675],
			"faces": {
				"north": {"uv": [9.75, 6.75, 9.625, 7.5], "texture": "#0"},
				"east": {"uv": [9.625, 6.75, 9.75, 7.5], "texture": "#0"},
				"south": {"uv": [9.625, 6.75, 9.75, 7.5], "texture": "#0"},
				"west": {"uv": [9.625, 6.75, 9.75, 7.5], "texture": "#0"},
				"up": {"uv": [9.625, 6.75, 9.75, 6.875], "texture": "#0"},
				"down": {"uv": [9.625, 7.375, 9.75, 7.5], "texture": "#0"}
			}
		},
		{
			"name": "Cyber_sword_13",
			"from": [7.75, 7, 7.5],
			"to": [8, 9.125, 7.625],
			"faces": {
				"north": {"uv": [8, 6.875, 7.75, 9], "texture": "#0"},
				"east": {"uv": [7.875, 6.875, 8, 9], "texture": "#0"},
				"south": {"uv": [7.75, 6.875, 8, 9], "texture": "#0"},
				"west": {"uv": [7.75, 6.875, 7.875, 9], "texture": "#0"},
				"up": {"uv": [7.75, 6.875, 8, 7], "texture": "#0"},
				"down": {"uv": [7.75, 8.875, 8, 9], "texture": "#0"}
			}
		},
		{
			"name": "Cyber_sword_14",
			"from": [8.25, 8.75, 7.45],
			"to": [8.375, 8.875, 7.675],
			"faces": {
				"north": {"uv": [9.625, 6.875, 9.5, 7], "texture": "#0"},
				"east": {"uv": [9.5, 6.875, 9.625, 7], "texture": "#0"},
				"south": {"uv": [9.5, 6.875, 9.625, 7], "texture": "#0"},
				"west": {"uv": [9.5, 6.875, 9.625, 7], "texture": "#0"},
				"up": {"uv": [9.5, 6.875, 9.625, 7], "texture": "#0"},
				"down": {"uv": [9.5, 6.875, 9.625, 7], "texture": "#0"}
			}
		},
		{
			"name": "Cyber_sword_15",
			"from": [8.25, 8.875, 7.5],
			"to": [8.375, 9, 7.625],
			"faces": {
				"north": {"uv": [8.375, 7, 8.25, 7.125], "texture": "#0"},
				"east": {"uv": [8.25, 7, 8.375, 7.125], "texture": "#0"},
				"south": {"uv": [8.25, 7, 8.375, 7.125], "texture": "#0"},
				"west": {"uv": [8.25, 7, 8.375, 7.125], "texture": "#0"},
				"up": {"uv": [8.25, 7, 8.375, 7.125], "texture": "#0"},
				"down": {"uv": [8.25, 7, 8.375, 7.125], "texture": "#0"}
			}
		},
		{
			"name": "Cyber_sword_16",
			"from": [8.25, 8.5, 7.5],
			"to": [8.375, 8.75, 7.625],
			"faces": {
				"north": {"uv": [8.375, 7.25, 8.25, 7.5], "texture": "#0"},
				"east": {"uv": [8.25, 7.25, 8.375, 7.5], "texture": "#0"},
				"south": {"uv": [8.25, 7.25, 8.375, 7.5], "texture": "#0"},
				"west": {"uv": [8.25, 7.25, 8.375, 7.5], "texture": "#0"},
				"up": {"uv": [8.25, 7.25, 8.375, 7.375], "texture": "#0"},
				"down": {"uv": [8.25, 7.375, 8.375, 7.5], "texture": "#0"}
			}
		},
		{
			"name": "Cyber_sword_17",
			"from": [8.25, 7.625, 7.45],
			"to": [8.375, 8.5, 7.675],
			"faces": {
				"north": {"uv": [9.625, 7.25, 9.5, 8.125], "texture": "#0"},
				"east": {"uv": [9.5, 7.25, 9.625, 8.125], "texture": "#0"},
				"south": {"uv": [9.5, 7.25, 9.625, 8.125], "texture": "#0"},
				"west": {"uv": [9.5, 7.25, 9.625, 8.125], "texture": "#0"},
				"up": {"uv": [9.5, 7.25, 9.625, 7.375], "texture": "#0"},
				"down": {"uv": [9.5, 8, 9.625, 8.125], "texture": "#0"}
			}
		},
		{
			"name": "Cyber_sword_18",
			"from": [8.375, 7, 7.45],
			"to": [8.5, 8, 7.675],
			"faces": {
				"north": {"uv": [9.75, 7.75, 9.625, 8.75], "texture": "#0"},
				"east": {"uv": [9.625, 7.75, 9.75, 8.75], "texture": "#0"},
				"south": {"uv": [9.625, 7.75, 9.75, 8.75], "texture": "#0"},
				"west": {"uv": [9.625, 7.75, 9.75, 8.75], "texture": "#0"},
				"up": {"uv": [9.625, 7.75, 9.75, 7.875], "texture": "#0"},
				"down": {"uv": [9.625, 8.625, 9.75, 8.75], "texture": "#0"}
			}
		},
		{
			"name": "Cyber_sword_19",
			"from": [8.25, 7.375, 7.45],
			"to": [8.375, 7.5, 7.675],
			"faces": {
				"north": {"uv": [9.625, 8.25, 9.5, 8.375], "texture": "#0"},
				"east": {"uv": [9.5, 8.25, 9.625, 8.375], "texture": "#0"},
				"south": {"uv": [9.5, 8.25, 9.625, 8.375], "texture": "#0"},
				"west": {"uv": [9.5, 8.25, 9.625, 8.375], "texture": "#0"},
				"up": {"uv": [9.5, 8.25, 9.625, 8.375], "texture": "#0"},
				"down": {"uv": [9.5, 8.25, 9.625, 8.375], "texture": "#0"}
			}
		},
		{
			"name": "Cyber_sword_20",
			"from": [8.25, 7.5, 7.5],
			"to": [8.375, 7.625, 7.625],
			"faces": {
				"north": {"uv": [8.375, 8.375, 8.25, 8.5], "texture": "#0"},
				"east": {"uv": [8.25, 8.375, 8.375, 8.5], "texture": "#0"},
				"south": {"uv": [8.25, 8.375, 8.375, 8.5], "texture": "#0"},
				"west": {"uv": [8.25, 8.375, 8.375, 8.5], "texture": "#0"},
				"up": {"uv": [8.25, 8.375, 8.375, 8.5], "texture": "#0"},
				"down": {"uv": [8.25, 8.375, 8.375, 8.5], "texture": "#0"}
			}
		},
		{
			"name": "Cyber_sword_21",
			"from": [8.25, 7.125, 7.5],
			"to": [8.375, 7.375, 7.625],
			"faces": {
				"north": {"uv": [8.375, 8.625, 8.25, 8.875], "texture": "#0"},
				"east": {"uv": [8.25, 8.625, 8.375, 8.875], "texture": "#0"},
				"south": {"uv": [8.25, 8.625, 8.375, 8.875], "texture": "#0"},
				"west": {"uv": [8.25, 8.625, 8.375, 8.875], "texture": "#0"},
				"up": {"uv": [8.25, 8.625, 8.375, 8.75], "texture": "#0"},
				"down": {"uv": [8.25, 8.75, 8.375, 8.875], "texture": "#0"}
			}
		},
		{
			"name": "Cyber_sword_22",
			"from": [8.25, 7, 7.45],
			"to": [8.375, 7.125, 7.675],
			"faces": {
				"north": {"uv": [9.625, 8.625, 9.5, 8.75], "texture": "#0"},
				"east": {"uv": [9.5, 8.625, 9.625, 8.75], "texture": "#0"},
				"south": {"uv": [9.5, 8.625, 9.625, 8.75], "texture": "#0"},
				"west": {"uv": [9.5, 8.625, 9.625, 8.75], "texture": "#0"},
				"up": {"uv": [9.5, 8.625, 9.625, 8.75], "texture": "#0"},
				"down": {"uv": [9.5, 8.625, 9.625, 8.75], "texture": "#0"}
			}
		},
		{
			"name": "Cyber_sword_23",
			"from": [7.75, 6.875, 7.4],
			"to": [8.625, 7, 7.725],
			"faces": {
				"north": {"uv": [10.875, 8.75, 10, 8.875], "texture": "#0"},
				"east": {"uv": [10.75, 8.75, 10.875, 8.875], "texture": "#0"},
				"south": {"uv": [10, 8.75, 10.875, 8.875], "texture": "#0"},
				"west": {"uv": [10, 8.75, 10.125, 8.875], "texture": "#0"},
				"up": {"uv": [10, 8.75, 10.875, 8.875], "texture": "#0"},
				"down": {"uv": [10, 8.75, 10.875, 8.875], "texture": "#0"}
			}
		},
		{
			"name": "Cyber_sword_24",
			"from": [8, 5, 7.45],
			"to": [8.25, 6.875, 7.675],
			"faces": {
				"north": {"uv": [9.5, 8.875, 9.25, 10.75], "texture": "#0"},
				"east": {"uv": [9.375, 8.875, 9.5, 10.75], "texture": "#0"},
				"south": {"uv": [9.25, 8.875, 9.5, 10.75], "texture": "#0"},
				"west": {"uv": [9.25, 8.875, 9.375, 10.75], "texture": "#0"},
				"up": {"uv": [9.25, 8.875, 9.5, 9], "texture": "#0"},
				"down": {"uv": [9.25, 10.625, 9.5, 10.75], "texture": "#0"}
			}
		},
		{
			"name": "Cyber_sword_25",
			"from": [8.25, 6.75, 7.45],
			"to": [8.5, 6.875, 7.675],
			"faces": {
				"north": {"uv": [9.75, 8.875, 9.5, 9], "texture": "#0"},
				"east": {"uv": [9.625, 8.875, 9.75, 9], "texture": "#0"},
				"south": {"uv": [9.5, 8.875, 9.75, 9], "texture": "#0"},
				"west": {"uv": [9.5, 8.875, 9.625, 9], "texture": "#0"},
				"up": {"uv": [9.5, 8.875, 9.75, 9], "texture": "#0"},
				"down": {"uv": [9.5, 8.875, 9.75, 9], "texture": "#0"}
			}
		},
		{
			"name": "Cyber_sword_26",
			"from": [8.375, 6.125, 7.45],
			"to": [8.5, 6.75, 7.675],
			"faces": {
				"north": {"uv": [9.75, 9, 9.625, 9.625], "texture": "#0"},
				"east": {"uv": [9.625, 9, 9.75, 9.625], "texture": "#0"},
				"south": {"uv": [9.625, 9, 9.75, 9.625], "texture": "#0"},
				"west": {"uv": [9.625, 9, 9.75, 9.625], "texture": "#0"},
				"up": {"uv": [9.625, 9, 9.75, 9.125], "texture": "#0"},
				"down": {"uv": [9.625, 9.5, 9.75, 9.625], "texture": "#0"}
			}
		},
		{
			"name": "Cyber_sword_27",
			"from": [7.75, 5, 7.5],
			"to": [8, 6.875, 7.625],
			"faces": {
				"north": {"uv": [8, 9.125, 7.75, 11], "texture": "#0"},
				"east": {"uv": [7.875, 9.125, 8, 11], "texture": "#0"},
				"south": {"uv": [7.75, 9.125, 8, 11], "texture": "#0"},
				"west": {"uv": [7.75, 9.125, 7.875, 11], "texture": "#0"},
				"up": {"uv": [7.75, 9.125, 8, 9.25], "texture": "#0"},
				"down": {"uv": [7.75, 10.875, 8, 11], "texture": "#0"}
			}
		},
		{
			"name": "Cyber_sword_28",
			"from": [8.25, 6.5, 7.45],
			"to": [8.375, 6.625, 7.675],
			"faces": {
				"north": {"uv": [9.625, 9.125, 9.5, 9.25], "texture": "#0"},
				"east": {"uv": [9.5, 9.125, 9.625, 9.25], "texture": "#0"},
				"south": {"uv": [9.5, 9.125, 9.625, 9.25], "texture": "#0"},
				"west": {"uv": [9.5, 9.125, 9.625, 9.25], "texture": "#0"},
				"up": {"uv": [9.5, 9.125, 9.625, 9.25], "texture": "#0"},
				"down": {"uv": [9.5, 9.125, 9.625, 9.25], "texture": "#0"}
			}
		},
		{
			"name": "Cyber_sword_29",
			"from": [8.25, 6.625, 7.5],
			"to": [8.375, 6.75, 7.625],
			"faces": {
				"north": {"uv": [8.375, 9.25, 8.25, 9.375], "texture": "#0"},
				"east": {"uv": [8.25, 9.25, 8.375, 9.375], "texture": "#0"},
				"south": {"uv": [8.25, 9.25, 8.375, 9.375], "texture": "#0"},
				"west": {"uv": [8.25, 9.25, 8.375, 9.375], "texture": "#0"},
				"up": {"uv": [8.25, 9.25, 8.375, 9.375], "texture": "#0"},
				"down": {"uv": [8.25, 9.25, 8.375, 9.375], "texture": "#0"}
			}
		},
		{
			"name": "Cyber_sword_30",
			"from": [8.25, 6.25, 7.5],
			"to": [8.375, 6.5, 7.625],
			"faces": {
				"north": {"uv": [8.375, 9.5, 8.25, 9.75], "texture": "#0"},
				"east": {"uv": [8.25, 9.5, 8.375, 9.75], "texture": "#0"},
				"south": {"uv": [8.25, 9.5, 8.375, 9.75], "texture": "#0"},
				"west": {"uv": [8.25, 9.5, 8.375, 9.75], "texture": "#0"},
				"up": {"uv": [8.25, 9.5, 8.375, 9.625], "texture": "#0"},
				"down": {"uv": [8.25, 9.625, 8.375, 9.75], "texture": "#0"}
			}
		},
		{
			"name": "Cyber_sword_31",
			"from": [8.25, 5, 7.45],
			"to": [8.375, 6.25, 7.675],
			"faces": {
				"north": {"uv": [9.625, 9.5, 9.5, 10.75], "texture": "#0"},
				"east": {"uv": [9.5, 9.5, 9.625, 10.75], "texture": "#0"},
				"south": {"uv": [9.5, 9.5, 9.625, 10.75], "texture": "#0"},
				"west": {"uv": [9.5, 9.5, 9.625, 10.75], "texture": "#0"},
				"up": {"uv": [9.5, 9.5, 9.625, 9.625], "texture": "#0"},
				"down": {"uv": [9.5, 10.625, 9.625, 10.75], "texture": "#0"}
			}
		},
		{
			"name": "Cyber_sword_32",
			"from": [8.375, 5, 7.45],
			"to": [8.5, 5.875, 7.675],
			"faces": {
				"north": {"uv": [9.75, 9.875, 9.625, 10.75], "texture": "#0"},
				"east": {"uv": [9.625, 9.875, 9.75, 10.75], "texture": "#0"},
				"south": {"uv": [9.625, 9.875, 9.75, 10.75], "texture": "#0"},
				"west": {"uv": [9.625, 9.875, 9.75, 10.75], "texture": "#0"},
				"up": {"uv": [9.625, 9.875, 9.75, 10], "texture": "#0"},
				"down": {"uv": [9.625, 10.625, 9.75, 10.75], "texture": "#0"}
			}
		},
		{
			"name": "Cyber_sword_33",
			"from": [7.5, 4.75, 7.3],
			"to": [8, 5, 7.825],
			"faces": {
				"north": {"uv": [9.25, 11, 8.75, 11.25], "texture": "#0"},
				"east": {"uv": [9.125, 11, 9.25, 11.25], "texture": "#0"},
				"south": {"uv": [8.75, 11, 9.25, 11.25], "texture": "#0"},
				"west": {"uv": [8.75, 11, 8.875, 11.25], "texture": "#0"},
				"up": {"uv": [8.75, 11, 9.25, 11.125], "texture": "#0"},
				"down": {"uv": [8.75, 11.125, 9.25, 11.25], "texture": "#0"}
			}
		},
		{
			"name": "Cyber_sword_34",
			"from": [8, 4.875, 7.3],
			"to": [8.625, 5, 7.825],
			"faces": {
				"north": {"uv": [9.875, 11, 9.25, 11.125], "texture": "#0"},
				"east": {"uv": [9.75, 11, 9.875, 11.125], "texture": "#0"},
				"south": {"uv": [9.25, 11, 9.875, 11.125], "texture": "#0"},
				"west": {"uv": [9.25, 11, 9.375, 11.125], "texture": "#0"},
				"up": {"uv": [9.25, 11, 9.875, 11.125], "texture": "#0"},
				"down": {"uv": [9.25, 11, 9.875, 11.125], "texture": "#0"}
			}
		},
		{
			"name": "Cyber_sword_35",
			"from": [8, 4.75, 7.4],
			"to": [8.375, 4.875, 7.725],
			"faces": {
				"north": {"uv": [8.375, 11.125, 8, 11.25], "texture": "#0"},
				"east": {"uv": [8.25, 11.125, 8.375, 11.25], "texture": "#0"},
				"south": {"uv": [8, 11.125, 8.375, 11.25], "texture": "#0"},
				"west": {"uv": [8, 11.125, 8.125, 11.25], "texture": "#0"},
				"up": {"uv": [8, 11.125, 8.375, 11.25], "texture": "#0"},
				"down": {"uv": [8, 11.125, 8.375, 11.25], "texture": "#0"}
			}
		},
		{
			"name": "Cyber_sword_36",
			"from": [8.375, 4.625, 7.3],
			"to": [8.625, 4.875, 7.825],
			"faces": {
				"north": {"uv": [9.875, 11.125, 9.625, 11.375], "texture": "#0"},
				"east": {"uv": [9.75, 11.125, 9.875, 11.375], "texture": "#0"},
				"south": {"uv": [9.625, 11.125, 9.875, 11.375], "texture": "#0"},
				"west": {"uv": [9.625, 11.125, 9.75, 11.375], "texture": "#0"},
				"up": {"uv": [9.625, 11.125, 9.875, 11.25], "texture": "#0"},
				"down": {"uv": [9.625, 11.25, 9.875, 11.375], "texture": "#0"}
			}
		},
		{
			"name": "Cyber_sword_37",
			"from": [7.625, 4.625, 7.3],
			"to": [8.375, 4.75, 7.825],
			"faces": {
				"north": {"uv": [9.625, 11.25, 8.875, 11.375], "texture": "#0"},
				"east": {"uv": [9.5, 11.25, 9.625, 11.375], "texture": "#0"},
				"south": {"uv": [8.875, 11.25, 9.625, 11.375], "texture": "#0"},
				"west": {"uv": [8.875, 11.25, 9, 11.375], "texture": "#0"},
				"up": {"uv": [8.875, 11.25, 9.625, 11.375], "texture": "#0"},
				"down": {"uv": [8.875, 11.25, 9.625, 11.375], "texture": "#0"}
			}
		},
		{
			"name": "Cyber_sword_38",
			"from": [7.875, 4, 7.4],
			"to": [8.375, 4.625, 7.725],
			"faces": {
				"north": {"uv": [8.375, 11.375, 7.875, 12], "texture": "#0"},
				"east": {"uv": [8.25, 11.375, 8.375, 12], "texture": "#0"},
				"south": {"uv": [7.875, 11.375, 8.375, 12], "texture": "#0"},
				"west": {"uv": [7.875, 11.375, 8, 12], "texture": "#0"},
				"up": {"uv": [7.875, 11.375, 8.375, 11.5], "texture": "#0"},
				"down": {"uv": [7.875, 11.875, 8.375, 12], "texture": "#0"}
			}
		},
		{
			"name": "Cyber_sword_39",
			"from": [7.75, 3.875, 7.35],
			"to": [8.375, 4, 7.775],
			"faces": {
				"north": {"uv": [9.375, 12, 8.75, 12.125], "texture": "#0"},
				"east": {"uv": [9.25, 12, 9.375, 12.125], "texture": "#0"},
				"south": {"uv": [8.75, 12, 9.375, 12.125], "texture": "#0"},
				"west": {"uv": [8.75, 12, 8.875, 12.125], "texture": "#0"},
				"up": {"uv": [8.75, 12, 9.375, 12.125], "texture": "#0"},
				"down": {"uv": [8.75, 12, 9.375, 12.125], "texture": "#0"}
			}
		},
		{
			"name": "Cyber_sword_40",
			"from": [7.875, 2.625, 7.4],
			"to": [8.375, 3.875, 7.725],
			"faces": {
				"north": {"uv": [8.375, 12.125, 7.875, 13.375], "texture": "#0"},
				"east": {"uv": [8.25, 12.125, 8.375, 13.375], "texture": "#0"},
				"south": {"uv": [7.875, 12.125, 8.375, 13.375], "texture": "#0"},
				"west": {"uv": [7.875, 12.125, 8, 13.375], "texture": "#0"},
				"up": {"uv": [7.875, 12.125, 8.375, 12.25], "texture": "#0"},
				"down": {"uv": [7.875, 13.25, 8.375, 13.375], "texture": "#0"}
			}
		},
		{
			"name": "Cyber_sword_41",
			"from": [7.75, 2.5, 7.35],
			"to": [8.375, 2.625, 7.775],
			"faces": {
				"north": {"uv": [9.375, 13.375, 8.75, 13.5], "texture": "#0"},
				"east": {"uv": [9.25, 13.375, 9.375, 13.5], "texture": "#0"},
				"south": {"uv": [8.75, 13.375, 9.375, 13.5], "texture": "#0"},
				"west": {"uv": [8.75, 13.375, 8.875, 13.5], "texture": "#0"},
				"up": {"uv": [8.75, 13.375, 9.375, 13.5], "texture": "#0"},
				"down": {"uv": [8.75, 13.375, 9.375, 13.5], "texture": "#0"}
			}
		},
		{
			"name": "Cyber_sword_42",
			"from": [7.875, 2.125, 7.4],
			"to": [8.375, 2.5, 7.725],
			"faces": {
				"north": {"uv": [8.375, 13.5, 7.875, 13.875], "texture": "#0"},
				"east": {"uv": [8.25, 13.5, 8.375, 13.875], "texture": "#0"},
				"south": {"uv": [7.875, 13.5, 8.375, 13.875], "texture": "#0"},
				"west": {"uv": [7.875, 13.5, 8, 13.875], "texture": "#0"},
				"up": {"uv": [7.875, 13.5, 8.375, 13.625], "texture": "#0"},
				"down": {"uv": [7.875, 13.75, 8.375, 13.875], "texture": "#0"}
			}
		},
		{
			"name": "Cyber_sword_43",
			"from": [7.75, 2, 7.3],
			"to": [8.375, 2.125, 7.825],
			"faces": {
				"north": {"uv": [9.375, 13.875, 8.75, 14], "texture": "#0"},
				"east": {"uv": [9.25, 13.875, 9.375, 14], "texture": "#0"},
				"south": {"uv": [8.75, 13.875, 9.375, 14], "texture": "#0"},
				"west": {"uv": [8.75, 13.875, 8.875, 14], "texture": "#0"},
				"up": {"uv": [8.75, 13.875, 9.375, 14], "texture": "#0"},
				"down": {"uv": [8.75, 13.875, 9.375, 14], "texture": "#0"}
			}
		},
		{
			"name": "Cyber_sword_44",
			"from": [7.875, 1.875, 7.4],
			"to": [8, 2, 7.725],
			"faces": {
				"north": {"uv": [8, 14, 7.875, 14.125], "texture": "#0"},
				"east": {"uv": [7.875, 14, 8, 14.125], "texture": "#0"},
				"south": {"uv": [7.875, 14, 8, 14.125], "texture": "#0"},
				"west": {"uv": [7.875, 14, 8, 14.125], "texture": "#0"},
				"up": {"uv": [7.875, 14, 8, 14.125], "texture": "#0"},
				"down": {"uv": [7.875, 14, 8, 14.125], "texture": "#0"}
			}
		},
		{
			"name": "Cyber_sword_45",
			"from": [7.625, 1.875, 7.3],
			"to": [7.875, 2, 7.825],
			"faces": {
				"north": {"uv": [8.875, 14, 8.625, 14.125], "texture": "#0"},
				"east": {"uv": [8.75, 14, 8.875, 14.125], "texture": "#0"},
				"south": {"uv": [8.625, 14, 8.875, 14.125], "texture": "#0"},
				"west": {"uv": [8.625, 14, 8.75, 14.125], "texture": "#0"},
				"up": {"uv": [8.625, 14, 8.875, 14.125], "texture": "#0"},
				"down": {"uv": [8.625, 14, 8.875, 14.125], "texture": "#0"}
			}
		},
		{
			"name": "Cyber_sword_46",
			"from": [8, 1.625, 7.3],
			"to": [8.375, 2, 7.825],
			"faces": {
				"north": {"uv": [9.375, 14, 9, 14.375], "texture": "#0"},
				"east": {"uv": [9.25, 14, 9.375, 14.375], "texture": "#0"},
				"south": {"uv": [9, 14, 9.375, 14.375], "texture": "#0"},
				"west": {"uv": [9, 14, 9.125, 14.375], "texture": "#0"},
				"up": {"uv": [9, 14, 9.375, 14.125], "texture": "#0"},
				"down": {"uv": [9, 14.25, 9.375, 14.375], "texture": "#0"}
			}
		},
		{
			"name": "Cyber_sword_47",
			"from": [7.75, 1.75, 7.5],
			"to": [7.875, 1.875, 7.625],
			"faces": {
				"north": {"uv": [7.875, 14.125, 7.75, 14.25], "texture": "#0"},
				"east": {"uv": [7.75, 14.125, 7.875, 14.25], "texture": "#0"},
				"south": {"uv": [7.75, 14.125, 7.875, 14.25], "texture": "#0"},
				"west": {"uv": [7.75, 14.125, 7.875, 14.25], "texture": "#0"},
				"up": {"uv": [7.75, 14.125, 7.875, 14.25], "texture": "#0"},
				"down": {"uv": [7.75, 14.125, 7.875, 14.25], "texture": "#0"}
			}
		},
		{
			"name": "Cyber_sword_48",
			"from": [7.625, 1.625, 7.3],
			"to": [7.75, 1.875, 7.825],
			"faces": {
				"north": {"uv": [8.75, 14.125, 8.625, 14.375], "texture": "#0"},
				"east": {"uv": [8.625, 14.125, 8.75, 14.375], "texture": "#0"},
				"south": {"uv": [8.625, 14.125, 8.75, 14.375], "texture": "#0"},
				"west": {"uv": [8.625, 14.125, 8.75, 14.375], "texture": "#0"},
				"up": {"uv": [8.625, 14.125, 8.75, 14.25], "texture": "#0"},
				"down": {"uv": [8.625, 14.25, 8.75, 14.375], "texture": "#0"}
			}
		},
		{
			"name": "Cyber_sword_49",
			"from": [7.875, 1.625, 7.3],
			"to": [8, 1.875, 7.825],
			"faces": {
				"north": {"uv": [9, 14.125, 8.875, 14.375], "texture": "#0"},
				"east": {"uv": [8.875, 14.125, 9, 14.375], "texture": "#0"},
				"south": {"uv": [8.875, 14.125, 9, 14.375], "texture": "#0"},
				"west": {"uv": [8.875, 14.125, 9, 14.375], "texture": "#0"},
				"up": {"uv": [8.875, 14.125, 9, 14.25], "texture": "#0"},
				"down": {"uv": [8.875, 14.25, 9, 14.375], "texture": "#0"}
			}
		},
		{
			"name": "Cyber_sword_50",
			"from": [7.75, 1.625, 7.3],
			"to": [7.875, 1.75, 7.825],
			"faces": {
				"north": {"uv": [8.875, 14.25, 8.75, 14.375], "texture": "#0"},
				"east": {"uv": [8.75, 14.25, 8.875, 14.375], "texture": "#0"},
				"south": {"uv": [8.75, 14.25, 8.875, 14.375], "texture": "#0"},
				"west": {"uv": [8.75, 14.25, 8.875, 14.375], "texture": "#0"},
				"up": {"uv": [8.75, 14.25, 8.875, 14.375], "texture": "#0"},
				"down": {"uv": [8.75, 14.25, 8.875, 14.375], "texture": "#0"}
			}
		}
	],
	"gui_light": "front",
	"display": {
		"thirdperson_righthand": {
			"rotation": [0, -90, 0],
			"translation": [-1, 10.75, 0.75],
			"scale": [3, 3, 2]
		},
		"thirdperson_lefthand": {
			"rotation": [0, 90, 0],
			"translation": [0.75, 10.75, 0.75],
			"scale": [3, 3, 2]
		},
		"firstperson_righthand": {
			"rotation": [-10.15, -79.82, -6.91],
			"translation": [-2.25, 10, 3.75],
			"scale": [2, 2, 1.75]
		},
		"firstperson_lefthand": {
			"rotation": [-157.25, 86.1, 158.91],
			"translation": [-2.25, 9.5, 4],
			"scale": [2, 2, 1.75]
		},
		"ground": {
			"translation": [0, -4.75, 0],
			"scale": [3, 3, 2.5]
		},
		"gui": {
			"rotation": [0, 0, -48],
			"translation": [4.75, 5, 0],
			"scale": [3, 3, 3]
		},
		"fixed": {
			"rotation": [-180, 0, 138],
			"translation": [-3.25, 6, -3],
			"scale": [4, 4, 3]
		}
	},
	"groups": [
		{
			"name": "Cyber_sword",
			"origin": [8, 8, 8],
			"color": 0,
			"children": [
				0,
				1,
				2,
				3,
				4,
				5,
				6,
				7,
				8,
				9,
				10,
				11,
				12,
				13,
				14,
				15,
				16,
				17,
				18,
				19,
				20,
				21,
				22,
				23,
				24,
				25,
				26,
				27,
				28,
				29,
				30,
				31,
				32,
				33,
				34,
				35,
				36,
				37,
				38,
				39,
				40,
				41,
				42,
				43,
				44,
				45,
				46,
				47,
				48,
				49,
				50
			]
		}
	]
}